<?xml version="1.0" encoding="UTF-8"?>
<!DOCTYPE hibernate-mapping PUBLIC 
"-//Hibernate/Hibernate Mapping DTD//EN"
"http://www.hibernate.org/dtd/hibernate-mapping-3.0.dtd"> 

<hibernate-mapping>
   <class name="com.entity.Customer" table="CustomerDetailsHotel">
       <id name = "Id" type = "int" column = "cust_id">
         <generator class="native"/>
      </id>
      <property name="name"> </property>
      <property name="Gender"> </property>
      <property name="Age"> </property>
      <property name="Address"> </property>
      <property name="Phone"> </property>
      <property name="Email"> </property>
</class>
	
	<class name="com.entity.Room" table="RoomDetails">
<id name = "id" type = "int" column = "ID">
         <generator class="native"/>
      </id>
	  <property name="room_Number"> </property>
      <property name="room_Type"> </property>
      <property name="room_Fare"> </property>
      <property name="ac_Available"> </property>
      <property name="room_Available"> </property>
      </class>
      
    <class name="com.entity.BookingDetails" table="BookingDetails">
       <id name = "Id" type = "int" column = "ID">
         <generator class="native"/>
      </id>
      <property name="id"> </property>
      <property name="date"> </property>
      <property name="name1"> </property>
      <property name="PhoneNumber"> </property>
      <property name="DayToHireFor"> </property>
      <property name="Fare"> </property>
      <property name="Bill"> </property>
      </class>
    


        
        
      
      	
     
      
</hibernate-mapping>
