<?xml version="1.0" encoding="UTF-8"?>
<!DOCTYPE hibernate-mapping PUBLIC 
"-//Hibernate/Hibernate Mapping DTD//EN"
"http://www.hibernate.org/dtd/hibernate-mapping-3.0.dtd"> 

<hibernate-mapping>
   <class name="com.bean.Customer" table="Customer">
       <id name = "customer_id" type = "int" column = "customer_id">
         <generator class="native"/>
      </id>
      <property name="customer_name"> </property>
      <property name="customer_username"> </property>
      <property name="customer_password"> </property>
      <property name="customer_email"> </property>
      <property name="custom_phone"> </property>
</class>
	
	<class name="com.bean.Flight" table="Flight">
 <id name = "flight_id" type = "int" column = "flight_id">
         <generator class="native"/>
      </id>
      <property name="flight_name"> </property>
      <property name="flight_date"> </property>
      <property name="flight_source"> </property>
      <property name="flight_destination"> </property>
      <property name="flight_price"> </property>
       <property name="flight_duration"> </property>
      <property name="flight_capacity"> </property>
      </class>
      
    <class name="com.bean.BookingDetails" table="BookingDetails">
      <id name = "booking_id" type = "int" column = "booking_id">
         <generator class="native"/>
      </id>
      <property name="customer_id"> </property>
      <property name="flight_id"> </property>
      <property name="booking_amount"> </property>
      <property name="seat_number"> </property>
      </class>
      
      <class name="com.bean.Admin" table="Admin">
      <id name = "id" type = "int" column = "id">
         <generator class="native"/>
      </id>
      <property name="admin_id"> </property>
      <property name="name"> </property>
      <property name="password"> </property>
      </class>

</hibernate-mapping>
