<?xml version="1.0" encoding="UTF-8"?>
<!DOCTYPE hibernate-mapping PUBLIC 
"-//Hibernate/Hibernate Mapping DTD//EN"
"http://www.hibernate.org/dtd/hibernate-mapping-3.0.dtd"> 

<hibernate-mapping>
   <class name="com.entities.Car" table="nC">
      <id name ="car_id" >
         <generator class="increment"></generator>
      </id>
      <property name = "car_name"></property>
      <union-subclass name="com.entities.EconomicalCar" table="nEC">
      <property name="car_price"> </property>
      <property name="car_milage"> </property>
      </union-subclass>
      
       <union-subclass name="com.entities.LaxoriusCar" table="nLC" >
     	<property name="engine_capacity"> </property>
      	<property name="luxorius_features"> </property>
      	</union-subclass>
      	
     
      
   </class>
</hibernate-mapping>