<?xml version="1.0" encoding="UTF-8"?>
<!DOCTYPE hibernate-mapping PUBLIC 
"-//Hibernate/Hibernate Mapping DTD//EN"
"http://www.hibernate.org/dtd/hibernate-mapping-3.0.dtd"> 

<hibernate-mapping>
   <class name="com.entities.Car" table="Car3">
      <id name ="car_id" >
         <generator class="increment"></generator>
      </id>
 
      <property name = "car_name"></property>
      <joined-subclass name="com.entities.EconomicalCar" table="EcoCar3">
      <key column="cid"></key> 
      <property name="car_price"> </property>
      <property name="car_milage"> </property>
      </joined-subclass>
      
       <joined-subclass name="com.entities.LaxoriusCar" table="LuxCar3" >
       <key column="cid"></key> 
     	<property name="engine_capacity"> </property>
      	<property name="luxorius_features"> </property>
      	</joined-subclass>  
   </class>
</hibernate-mapping>