<?xml version="1.0" encoding="UTF-8"?>
<!DOCTYPE hibernate-configuration SYSTEM 
"http://www.hibernate.org/dtd/hibernate-configuration-3.0.dtd">
<hibernate-configuration>
	<session-factory>
	<property name = "hibernate.dialect">org.hibernate.dialect.SQLServerDialect</property>    
      <property name = "hibernate.connection.driver_class">com.microsoft.sqlserver.jdbc.SQLServerDriver</property>
      
      <!-- Assume test is the database name -->
      <property name = "hibernate.connection.url">jdbc:sqlserver://localhost;databaseName=Hibernate;instanceName=SQLExpress</property>
      <property name = "hibernate.connection.username">sa</property>
      <property name = "hibernate.connection.password">password_123</property>
      <property name="hibernate.hbm2ddl.auto">update</property>
      <property name="show_sql">true</property>
      <property name="format_sql">true</property>
      <property name="use_sql_comments">true</property>
      <!-- List of XML mapping files -->
      <mapping resource="Car.hbm.xml"/>
	
	</session-factory>

</hibernate-configuration>