<?xml version="1.0" encoding="UTF-8"?>
<!DOCTYPE hibernate-mapping PUBLIC 
"-//Hibernate/Hibernate Mapping DTD//EN"
"http://www.hibernate.org/dtd/hibernate-mapping-3.0.dtd"> 

<hibernate-mapping>
   <class name="com.entities.Car" table="CarDetails" discriminator-value="car">
      <id name ="car_id" >
         <generator class="increment"></generator>
      </id>
      
      <discriminator column="type" type ="string"></discriminator>
      <property name = "car_name"></property>
      <subclass name="com.entities.EconomicalCar" discriminator-value="Ecocar" >
      <property name="car_price"> </property>
      <property name="car_milage"> </property>
      </subclass>
      
       <subclass name="com.entities.LaxoriusCar" discriminator-value="Luxcar" >
     	<property name="engine_capacity"> </property>
      	<property name="luxorius_features"> </property>
      	</subclass>

   </class>
</hibernate-mapping>